Rank,Gender,Caste,Branch,Random
33014,M,BC,AI,0.284023554
19678,F,BC,AI,0.455351074
28173,M,BC,AI,0.295419707
25769,F,OC,AI,0.100133735
25353,F,OC,AI,0.642453182
25207,M,OC,AI,0.561793288
26362,F,OC,AI,0.389617622
42495,M,BC,AI,0.681563298
23593,M,OC,AI,0.534878975
23211,M,OC,AI,0.701624277
9849,F,BC,AI,0.100527098
50259,M,BC,AI,0.227421284
31678,M,BC,AI,0.796212058
74537,M,BC,AI,0.036270819
39787,M,BC,AI,0.377543952
25353,F,OC,AI,0.727510441
71946,M,BC,AI,0.985184178
38952,F,BC,AI,0.743797104
25705,M,OC,AI,0.947531623
52170,F,BC,AI,0.494024718
46009,F,BC,AI,0.000904761
28052,F,OC,AI,0.477367001
20738,M,OC,AI,0.668083193
27013,M,OC,AI,0.776617397
41225,M,BC,AI,0.571236327
20047,M,BC,AI,0.672684031
26787,F,OC,AI,0.549851355
50973,M,BC,AI,0.913798718
32004,F,BC,AI,0.482888209
96809,M,SC,AI,0.049838336
48152,M,BC,AI,0.261193644
27411,M,OC,AI,0.873754203
52947,M,BC,AI,0.266202999
24431,F,OC,AI,0.751964536
23755,F,OC,AI,0.79195255
45834,F,SC,AI,0.156409816
25898,M,OC,AI,0.4775291
14897,F,OC,AI,0.72396325
39447,F,BC,AI,0.723926549
48367,M,BC,AI,0.820910335
40573,M,BC,AI,0.04540712
38753,M,BC,AI,0.281054452
81264,M,BC,AI,0.553548381
21621,M,OC,AI,0.782546825
48162,F,BC,AI,0.822445215
39902,M,BC,AI,0.20712943
38807,M,BC,AI,0.166501619
154589,F,BC,AI,0.720864219
35281,M,BC,AI,0.032852399
39089,M,BC,AI,0.154989247
46267,M,BC,AI,0.970930459
27366,M,BC,AI,0.326160972
35850,F,BC,AI,0.384764145
172768,M,SC,AI,0.313990896
25034,F,BC,AI,0.1876355
39928,F,BC,AI,0.81153633
53178,F,BC,AI,0.924683712
34112,M,BC,AI,0.364058739
24789,M,BC,AI,0.103039186
23106,M,OC,AI,0.00246475
49102,M,SC,AI,0.559972502
14201,F,OC,AI,0.752898754
32404,M,BC,AI,0.118201651
24866,M,OC,AI,0.489037706
123158,F,SC,AI,0.990611158
29559,M,BC,AI,0.803996992
23258,M,OC,AI,0.70138141
83566,F,BC,AI,0.278524182
25921,M,OC,AI,0.0609216
72519,M,BC,AI,0.553136942
27610,M,OC,AI,0.82792629
13156,F,OC,AI,0.380859743
30353,F,OC,AI,0.267463112
34195,M,SC,AI,0.163533678
21046,M,OC,AI,0.622746338
23445,F,OC,AI,0.858905389
30782,F,BC,AI,0.527617434
41536,M,BC,AI,0.251655962
68822,M,SC,AI,0.214677861
27447,M,OC,AI,0.987799466
60244,F,SC,AI,0.494072985
7890,F,OC,AI,0.492934433
42196,F,BC,AI,0.408810702
26694,M,BC,AI,0.188163316
27913,M,OC,AI,0.060926668
41577,F,BC,AI,0.097164277
52603,F,BC,AI,0.818476406
61328,M,BC,AI,0.491238676
22020,F,OC,AI,0.83677683
169533,M,SC,AI,0.333054946
18342,F,OC,AI,0.657286048
29273,M,OC,AI,0.035705107
39192,M,BC,AI,0.162710794
29241,F,OC,AI,0.86481198
19256,M,OC,AI,0.607191734
15335,F,OC,AI,0.669072193
24874,F,OC,AI,0.162238922
120922,F,SC,AI,0.615495153
25183,F,OC,AI,0.859889173
60044,F,BC,AI,0.904629106
105466,F,BC,AI,0.958305483
25330,M,OC,AI,0.303427467
22787,F,BC,AI,0.679299508
29292,M,OC,AI,0.46881122
54308,F,BC,AI,0.200544866
68420,M,SC,AI,0.618962696
14041,F,OC,AI,0.743760724
27161,M,BC,AI,0.827467422
29152,F,OC,AI,0.298416213
26891,F,OC,AI,0.911525787
24139,F,OC,AI,0.844672701
26383,M,OC,AI,0.107373919
75577,F,BC,AI,0.331847419
28469,M,OC,AI,0.655883208
21362,M,OC,AI,0.0817151
81109,M,SC,AI,0.221581005
22911,F,OC,AI,0.804274385
123928,M,BC,AI,0.863144075
43742,F,BC,AI,0.580264899
94283,M,SC,AI,0.484131396
27848,F,OC,AI,0.645481353
40899,M,BC,AI,0.081243171
28225,F,OC,AI,0.459628303
62148,F,BC,AI,0.800785792
50992,M,BC,AI,0.334793569
29401,M,BC,AI,0.831212174
10565,M,OC,AI,0.774246608
44664,M,BC,AI,0.445817126
36591,F,BC,AI,0.265087269
55108,M,BC,AI,0.59918407
24820,F,OC,AI,0.37561611
26201,M,OC,AI,0.464633087
66948,M,BC,AI,0.620610188
14830,M,OC,AI,0.348673135
92142,F,SC,AI,0.014697859
26270,M,OC,AI,0.804542822
32133,F,BC,AI,0.947751645
27826,M,BC,AIML,0.059293636
131784,M,SC,AIML,0.944816029
17720,M,BC,AIML,0.436275821
15373,M,BC,AIML,0.663196148
21070,F,BC,AIML,0.72325192
18862,M,OC,AIML,0.832661707
36971,M,BC,AIML,0.667592893
23704,M,OC,AIML,0.91914837
134616,M,SC,AIML,0.550890425
21113,F,BC,AIML,0.68799251
20527,M,OC,AIML,0.854634146
25027,M,BC,AIML,0.76262648
47008,M,BC,AIML,0.479936977
14470,F,OC,AIML,0.918060387
20481,M,OC,AIML,0.695665463
22049,F,OC,AIML,0.869994206
35725,F,OC,AIML,0.311234956
33609,F,BC,AIML,0.4700369
80311,F,SC,AIML,0.204773786
55485,M,OC,AIML,0.554936325
29689,F,SC,AIML,0.77092906
24874,F,BC,AIML,0.659443219
50894,F,BC,AIML,0.500186173
25244,M,BC,AIML,0.592255128
15785,F,BC,AIML,0.502762999
26148,M,BC,AIML,0.565135309
4940,F,OC,AIML,0.250896506
23385,F,OC,AIML,0.944722189
24682,F,BC,AIML,0.304761907
45719,F,BC,AIML,0.186126288
11050,M,BC,AIML,0.406805084
22631,F,BC,AIML,0.795114896
122376,M,BC,AIML,0.429396125
15175,F,OC,AIML,0.966795708
33358,M,BC,AIML,0.607808348
83287,F,OC,AIML,0.552038693
74679,M,BC,AIML,0.40407018
44903,M,SC,AIML,0.312500086
6708,M,OC,AIML,0.437880022
23417,M,OC,AIML,0.255055559
170854,F,OC,AIML,0.698262452
22111,F,OC,AIML,0.121143253
99677,M,SC,AIML,0.560105537
27894,M,BC,AIML,0.528936
25399,M,SC,AIML,0.995581403
29297,F,OC,AIML,0.640170432
19506,M,OC,AIML,0.601018394
9581,M,OC,AIML,0.16984221
27304,M,BC,AIML,0.889201416
22905,F,OC,AIML,0.986128135
27573,M,BC,AIML,0.951821571
74095,M,OC,AIML,0.19778455
36148,M,BC,AIML,0.334941882
142631,M,SC,AIML,0.734087599
51215,F,OC,AIML,0.297145331
16520,F,OC,AIML,0.733121949
20089,F,BC,AIML,0.415277391
19706,F,BC,AIML,0.857434033
57013,F,OC,AIML,0.225419216
15871,F,OC,AIML,0.766303246
22663,F,ST,AIML,0.031349719
72275,M,SC,AIML,0.89414986
13469,F,OC,AIML,0.059285089
14090,M,OC,AIML,0.442994284
21216,M,SC,AIML,0.77854662
24807,F,OC,AIML,0.520921892
15580,F,OC,AIML,0.584353052
131334,M,BC,AIML,0.560420642
17762,M,OC,AIML,0.900456268
22135,M,BC,AIML,0.00336317
147494,F,OC,AIML,0.78443143
53946,F,OC,AIML,0.086315026
11738,M,BC,AIML,0.86747964
20751,F,SC,AIML,0.043576249
24263,F,OC,AIML,0.441340576
98058,F,BC,AIML,0.9355997
14269,F,OC,AIML,0.942261437
28553,F,BC,AIML,0.128223707
14586,F,BC,AIML,0.388554233
47307,F,BC,AIML,0.648517543
18909,F,BC,AIML,0.378875678
32844,F,OC,AIML,0.447937899
49251,M,BC,AIML,0.000932732
63119,M,SC,AIML,0.829767129
36476,M,BC,AIML,0.260557588
18209,F,BC,AIML,0.592928438
12080,F,OC,AIML,0.121544536
33286,M,BC,AIML,0.475908506
24756,F,BC,AIML,0.031636262
27573,M,BC,AIML,0.676317317
32979,M,SC,AIML,0.737466302
70151,M,OC,AIML,0.999433754
27365,F,BC,AIML,0.270621346
52887,F,BC,AIML,0.114785273
16683,M,OC,AIML,0.712208926
12504,M,BC,AIML,0.387894554
30724,F,SC,AIML,0.024136926
28781,M,OC,AIML,0.760382455
23578,F,OC,AIML,0.565874861
15186,M,OC,AIML,0.836372265
15320,F,BC,AIML,0.40573574
15909,M,OC,AIML,0.067071539
10726,M,BC,AIML,0.340549897
16788,F,BC,AIML,0.204815524
36177,M,BC,AIML,0.677275062
106230,F,SC,AIML,0.377892074
19508,M,OC,AIML,0.236096704
151703,F,OC,AIML,0.576907774
25695,M,OC,AIML,0.635369443
19847,M,OC,AIML,0.363678871
105925,F,OC,AIML,0.84127594
14587,F,BC,AIML,0.34959358
24074,F,OC,AIML,0.857581408
25894,M,BC,AIML,0.635359989
17539,M,OC,AIML,0.737097686
31933,F,BC,AIML,0.496796597
28708,F,BC,AIML,0.989276524
52000,M,BC,AIML,0.301528564
33582,F,BC,AIML,0.620925604
88828,M,BC,AIML,0.326165946
23405,F,BC,AIML,0.644929319
18619,M,OC,AIML,0.468978216
21646,M,BC,AIML,0.987890628
33808,F,OC,AIML,0.51514271
27684,F,OC,AIML,0.389980107
21941,M,SC,AIML,0.219391398
57047,M,BC,AIML,0.788129191
28248,F,BC,AIML,0.764488415
24958,M,BC,AIML,0.74288091
34576,M,BC,AIML,0.166733263
14052,F,OC,AIML,0.563512509
99083,M,SC,AIML,0.999918067
165055,F,SC,AIML,0.972395397
135265,M,BC,AIML,0.918399595
20221,F,OC,AIML,0.518878531
17128,F,BC,AIML,0.169338903
106950,M,OC,AIML,0.968889116
23074,F,BC,AIML,0.339641175
22388,F,OC,AIML,0.465617943
19071,M,BC,AIML,0.757713074
14832,F,OC,AIML,0.417180491
32926,F,BC,AIML,0.32181494
95112,M,BC,CIV,0.386026481
94676,M,BC,CIV,0.089926649
92002,M,OC,CIV,0.529149338
77373,F,OC,CIV,0.783381598
46370,F,OC,CIV,0.875904266
69789,M,BC,CIV,0.94632565
98918,F,OC,CIV,0.03594889
53855,M,OC,CIV,0.121975986
95117,M,OC,CIV,0.044353106
79590,F,OC,CIV,0.572527482
69365,M,OC,CIV,0.58784049
13308,M,BC,CSE,0.173164306
41033,F,BC,CSE,0.587634044
19363,M,OC,CSE,0.521589308
129955,M,BC,CSE,0.408124796
14946,F,OC,CSE,0.329495479
16508,F,OC,CSE,0.131836194
33334,F,BC,CSE,0.299054271
16946,F,OC,CSE,0.255907516
16164,M,OC,CSE,0.309023581
38531,F,BC,CSE,0.040994822
24682,M,OC,CSE,0.485194622
7920,F,BC,CSE,0.901063517
12697,M,BC,CSE,0.343930671
29329,M,OC,CSE,0.891989977
20505,M,OC,CSE,0.046262262
8692,F,SC,CSE,0.375383104
7408,F,OC,CSE,0.323936346
28614,M,BC,CSE,0.229887411
38389,M,OC,CSE,0.844521436
9103,F,OC,CSE,0.146721886
60419,F,OC,CSE,0.311142671
14118,F,OC,CSE,0.62612303
10942,M,BC,CSE,0.099675456
29813,F,OC,CSE,0.576693739
19496,F,BC,CSE,0.915260186
9617,F,SC,CSE,0.420285298
27684,F,BC,CSE,0.662126148
8452,F,OC,CSE,0.63161712
8753,M,SC,CSE,0.803490814
12151,F,BC,CSE,0.988176534
19503,M,BC,CSE,0.11708402
33358,F,OC,CSE,0.469789062
117224,F,SC,CSE,0.577883491
4375,M,BC,CSE,0.265740842
13068,M,BC,CSE,0.807289465
9679,M,BC,CSE,0.23090477
15159,M,BC,CSE,0.667667357
12858,F,BC,CSE,0.298697004
9678,M,OC,CSE,0.600175687
14304,M,SC,CSE,0.122062229
31703,M,OC,CSE,0.518299352
8374,M,BC,CSE,0.648806901
12704,M,BC,CSE,0.97224604
15731,M,OC,CSE,0.908553158
7514,M,ST,CSE,0.775242879
10559,F,BC,CSE,0.488758114
11011,F,BC,CSE,0.538969342
27044,F,BC,CSE,0.625094243
9536,F,OC,CSE,0.180650489
8631,F,OC,CSE,0.155106413
40388,M,OC,CSE,0.797424567
93184,F,OC,CSE,0.775917909
149063,F,BC,CSE,0.008375669
10636,M,BC,CSE,0.134465466
9625,F,OC,CSE,0.972238162
5812,F,BC,CSE,0.252715596
9007,F,BC,CSE,0.952135881
94357,F,OC,CSE,0.209062681
38807,F,OC,CSE,0.930560053
16040,M,OC,CSE,0.210336869
40513,F,BC,CSE,0.764968068
11678,F,BC,CSE,0.54447225
11022,F,SC,CSE,0.819877022
14787,M,OC,CSE,0.684466502
4978,F,BC,CSE,0.330118329
20906,F,SC,CSE,0.109720148
18823,M,OC,CSE,0.552364364
24357,M,OC,CSE,0.449984275
16116,F,SC,CSE,0.377399431
31233,F,SC,CSE,0.72894292
8050,M,BC,CSE,0.121076482
8095,F,OC,CSE,0.380379166
7009,M,OC,CSE,0.676486602
6996,F,OC,CSE,0.242419337
17472,F,OC,CSE,0.104535348
10886,M,SC,CSE,0.009061301
16899,M,BC,CSE,0.633671855
38589,M,OC,CSE,0.219511476
5199,F,OC,CSE,0.597596114
28055,M,OC,CSE,0.256509347
3448,M,BC,CSE,0.034874973
12922,F,OC,CSE,0.220463818
25568,M,OC,CSE,0.637507124
17238,F,OC,CSE,0.929534407
9270,F,BC,CSE,0.33180197
13509,F,SC,CSE,0.067454287
14049,F,BC,CSE,0.625282727
170889,F,OC,CSE,0.912810944
13524,F,OC,CSE,0.647300588
8998,F,BC,CSE,0.277324394
21210,F,SC,CSE,0.86657325
10144,M,OC,CSE,0.274938809
144134,M,OC,CSE,0.91601419
9528,M,ST,CSE,0.972512292
139736,M,OC,CSE,0.902905169
15610,M,BC,CSE,0.37081442
15930,M,BC,CSE,0.069542234
9805,F,SC,CSE,0.730072715
5578,F,BC,CSE,0.489730142
5179,M,OC,CSE,0.897058631
7600,M,OC,CSE,0.036884968
30392,M,OC,CSE,0.770282828
36896,M,BC,CSE,0.188531214
1946,M,SC,CSE,0.787507838
107323,M,OC,CSE,0.83427816
18779,M,BC,CSE,0.935521681
24190,F,OC,CSE,0.629384067
44268,M,ST,CSE,0.442771581
17264,F,BC,CSE,0.766366045
17842,F,OC,CSE,0.372191227
12298,F,oc,CSE,0.391835937
19741,M,SC,CSE,0.452466442
15115,F,BC,CSE,0.391702183
11344,M,BC,CSE,0.676793041
14918,F,BC,CSE,0.287152899
18403,M,OC,CSE,0.237722826
108791,M,OC,CSE,0.250816443
7236,F,OC,CSE,0.970276708
18905,M,OC,CSE,0.289831099
30787,F,OC,CSE,0.355402206
70537,F,BC,CSE,0.214006919
11938,M,BC,CSE,0.515274812
100123,M,BC,CSE,0.642983155
12756,F,BC,CSE,0.580994523
10951,M,OC,CSE,0.370551
13781,F,BC,CSE,0.1257811
11774,M,OC,CSE,0.22858778
8847,F,BC,CSE,0.939502364
14283,M,OC,CSE,0.277068642
10502,M,BC,CSE,0.669544285
8233,F,BC,CSE,0.912148578
41400,F,OC,CSE,0.209239587
20156,F,ST,CSE,0.72268875
15059,F,OC,CSE,0.054147308
10509,M,BC,CSE,0.205260315
18284,F,BC,CSE,0.854372867
26204,F,OC,CSE,0.720623521
9291,F,OC,CSE,0.034629898
28098,F,OC,CSE,0.576961685
12725,F,BC,CSE,0.388048495
18289,F,BC,CSE,0.652892658
47824,M,OC,CSE,0.673873784
10701,M,ST,CSE,0.461046744
5769,M,OC,CSE,0.687217891
19026,F,BC,DS,0.290978039
54437,M,BC,DS,0.077973664
171946,M,SC,DS,0.500042303
28187,M,BC,DS,0.792403422
44080,M,SC,DS,0.773182815
23375,F,OC,DS,0.923654642
170245,M,OC,DS,0.217299237
16286,M,BC,DS,0.765573466
38791,M,BC,DS,0.129594564
30047,F,BC,DS,0.183362073
48220,M,BC,DS,0.51132597
15315,F,OC,DS,0.004510362
127324,F,OC,DS,0.808778479
31515,M,BC,DS,0.54830799
24633,M,SC,DS,0.970479141
14196,M,OC,DS,0.86900948
14070,F,OC,DS,0.417643552
24016,F,BC,DS,0.293642724
17986,M,OC,DS,0.386054757
39698,M,BC,DS,0.112926474
76177,M,SC,DS,0.969711104
22807,M,OC,DS,0.524171348
26962,F,BC,DS,0.9408652
171847,M,SC,DS,0.546620407
170882,M,SC,DS,0.027769816
34280,F,BC,DS,0.866604079
46967,F,BC,DS,0.648730067
29141,M,BC,DS,0.024390938
28577,F,BC,DS,0.047945509
63505,F,BC,DS,0.068473917
21590,M,BC,DS,0.381965777
63504,M,BC,DS,0.514961583
26470,F,BC,DS,0.682408121
18369,F,OC,DS,0.676591217
62932,M,SC,DS,0.020197456
77352,F,BC,DS,0.962407753
104822,M,SC,DS,0.423238019
18224,F,OC,DS,0.717112803
18921,F,OC,DS,0.444707994
17700,F,OC,DS,0.365484626
36629,F,BC,DS,0.886480909
47264,F,OC,DS,0.618747307
91110,M,SC,DS,0.743740219
18318,M,OC,DS,0.848368801
63669,F,BC,DS,0.147572682
25517,M,OC,DS,0.605570959
23603,F,OC,DS,0.707846708
12861,F,BC,DS,0.481977512
67390,M,SC,DS,0.634078879
54925,M,BC,DS,0.045204463
29352,M,BC,DS,0.754551596
10122,M,BC,DS,0.202459374
46778,M,SC,DS,0.140171126
24158,M,BC,DS,0.947847738
8691,M,SC,DS,0.926421934
33965,M,BC,DS,0.843460633
66117,M,BC,DS,0.544708829
62514,M,BC,DS,0.748139811
24524,F,OC,DS,0.857247145
25939,F,OC,DS,0.432964751
82969,M,SC,DS,0.919093638
61403,M,OC,DS,0.563472968
37924,M,BC,DS,0.034594461
35954,F,BC,DS,0.252345827
15724,M,BC,DS,0.082816602
145493,F,BC,DS,0.37833667
17409,F,OC,DS,0.22488596
83666,M,SC,DS,0.577869555
27523,F,OC,DS,0.298807325
22969,M,OC,DS,0.535586804
22047,F,OC,DS,0.90602578
14413,F,OC,DS,0.364409999
18674,F,BC,DS,0.739705917
23835,F,BC,DS,0.770519061
15615,F,OC,DS,0.26453754
27051,F,BC,DS,0.092156735
20942,F,OC,DS,0.04088974
16073,M,SC,DS,0.15301952
16714,M,OC,DS,0.844080115
22993,F,OC,DS,0.019922299
142420,M,ST,DS,0.088996326
136419,M,BC,DS,0.263100579
63840,F,SC,DS,0.568320391
31612,M,BC,DS,0.223172823
21894,M,OC,DS,0.819782791
22703,M,OC,DS,0.287776728
87911,F,OC,DS,0.992484342
31695,F,BC,DS,0.749114496
14556,M,OC,DS,0.69355828
41145,F,BC,DS,0.921046664
28838,F,SC,DS,0.100668063
104335,F,OC,DS,0.113391233
22267,M,BC,DS,0.506492248
45484,M,SC,ECE,0.473754539
69968,M,BC,ECE,0.825198887
59190,F,OC,ECE,0.52422511
111556,F,OC,ECE,0.666396945
62401,F,BC,ECE,0.781880382
56853,F,BC,ECE,0.60876322
31149,F,OC,ECE,0.499585544
50476,F,BC,ECE,0.98919195
71720,M,BC,ECE,0.948484908
35611,M,BC,ECE,0.925078238
146180,M,OC,ECE,0.263381247
29620,M,SC,ECE,0.730985397
45685,F,OC,ECE,0.914459202
41896,M,OC,ECE,0.272036544
48616,F,BC,ECE,0.603012372
56171,M,OC,ECE,0.760221354
51131,M,BC,ECE,0.944079092
63789,F,BC,ECE,0.368224991
56304,F,SC,ECE,0.879380015
52474,F,SC,ECE,0.217029405
38201,F,OC,ECE,0.228976205
31055,M,BC,ECE,0.801860269
135273,F,OC,ECE,0.009680248
68951,F,BC,ECE,0.086305387
37041,F,OC,ECE,0.697118907
67139,M,SC,ECE,0.206729045
44080,F,OC,ECE,0.56664775
143152,M,BC,ECE,0.407079808
22328,F,OC,ECE,0.648296168
55147,F,OC,ECE,0.00402534
32330,F,OC,ECE,0.589311155
63474,F,SC,ECE,0.721673786
27527,F,BC,ECE,0.088989431
56460,F,BC,ECE,0.121992218
60741,F,OC,ECE,0.813152512
24405,F,BC,ECE,0.585791639
71567,M,OC,ECE,0.637286926
149423,F,OC,ECE,0.09293011
44202,M,SC,ECE,0.833102923
69355,M,OC,ECE,0.598196922
31402,M,SC,ECE,0.298043789
170843,F,BC,ECE,0.071129037
52678,M,OC,ECE,0.907015328
38118,F,BC,ECE,0.41021062
55675,F,SC,ECE,0.371492714
32510,F,OC,ECE,0.429677649
42880,M,SC,ECE,0.96461328
164536,F,OC,ECE,0.992823274
42212,M,OC,ECE,0.605024248
36443,F,SC,ECE,0.736226495
47800,F,BC,ECE,0.926864415
101194,F,OC,ECE,0.495801067
49120,M,OC,ECE,0.801176058
53696,F,OC,ECE,0.150686467
51984,M,SC,ECE,0.264257307
126879,F,OC,ECE,0.60363737
44065,F,BC,ECE,0.820646885
37388,M,ST,ECE,0.586799751
32181,M,BC,ECE,0.232687688
169488,F,OC,ECE,0.638010538
132087,F,OC,ECE,0.456478744
36761,M,BC,ECE,0.08928041
31118,M,OC,ECE,0.479099823
32562,F,OC,ECE,0.865081217
30263,M,BC,ECE,0.053728736
20357,F,BC,ECE,0.009542854
31854,F,BC,ECE,0.554110976
35236,M,SC,ECE,0.20536325
36240,F,OC,ECE,0.44243648
67717,F,OC,ECE,0.581749029
38854,F,SC,ECE,0.378522202
43190,M,SC,ECE,0.036505922
27128,F,OC,ECE,0.741716238
65223,F,OC,ECE,0.856108067
68550,M,OC,ECE,0.587022228
30812,F,OC,ECE,0.625340171
34778,F,BC,ECE,0.620208899
64906,M,OC,ECE,0.601420176
40854,F,OC,ECE,0.724072396
44240,F,SC,ECE,0.109861547
93546,F,OC,ECE,0.862425812
85645,M,BC,ECE,0.614951669
72151,F,SC,ECE,0.278619545
31306,F,BC,ECE,0.264715194
28750,F,BC,ECE,0.028372195
172216,F,BC,ECE,0.388963261
36234,F,BC,ECE,0.263365544
32271,F,BC,ECE,0.296207285
42135,F,BC,ECE,0.471167378
68762,F,BC,ECE,0.96296435
71268,M,BC,ECE,0.204287441
133336,F,SC,ECE,0.899250089
161702,F,BC,ECE,0.015764828
59284,F,BC,ECE,0.176277429
114194,F,OC,ECE,0.469484591
151192,F,SC,ECE,0.096654587
50386,F,BC,ECE,0.474835754
28029,M,BC,ECE,0.598319486
46978,M,BC,ECE,0.552930086
56830,F,OC,ECE,0.982670551
31349,M,OC,ECE,0.858591395
64193,F,OC,ECE,0.825834221
32820,M,SC,ECE,0.69675034
55311,F,BC,ECE,0.567776284
154466,F,SC,ECE,0.170825639
61313,M,OC,ECE,0.097927883
41696,F,OC,ECE,0.93028539
105116,F,BC,ECE,0.738667435
21198,F,BC,ECE,0.019579309
35974,F,OC,ECE,0.699536556
112342,M,BC,ECE,0.341086241
96187,M,BC,ECE,0.581415358
68461,M,BC,ECE,0.094027105
49190,M,SC,ECE,0.501244792
29672,F,OC,ECE,0.002151229
55115,M,BC,ECE,0.233575208
34106,F,BC,ECE,0.894223317
61509,M,BC,ECE,0.901395931
52708,F,BC,ECE,0.117892554
68515,F,BC,ECE,0.674812744
67138,M,BC,ECE,0.109109442
21120,F,OC,ECE,0.450074768
33444,F,OC,ECE,0.097059084
19882,F,SC,ECE,0.4387136
35466,M,OC,ECE,0.586734224
26946,M,OC,ECE,0.245181056
53556,F,BC,ECE,0.952006189
20469,F,BC,ECE,0.588297471
62045,F,OC,ECE,0.300723294
60838,M,BC,ECE,0.459899092
34469,F,OC,ECE,0.79208558
36165,F,BC,ECE,0.606724354
43276,F,BC,ECE,0.978513083
29442,M,SC,ECE,0.609359977
64592,M,BC,ECE,0.484633691
32934,F,OC,ECE,0.536949829
67949,F,BC,ECE,0.218232757
41390,F,BC,ECE,0.033100791
32742,F,BC,ECE,0.515217497
147093,M,BC,ECE,0.704173846
56820,F,OC,ECE,0.82582556
31831,F,OC,ECE,0.336941486
161171,F,BC,ECE,0.141216324
66412,M,SC,ECE,0.05850499
30692,M,BC,ECE,0.63563815
13814,M,BC,ECE,0.005018634
32600,F,OC,ECE,0.863266434
58575,F,BC,ECE,0.054657414
48290,M,BC,ECE,0.307312394
164273,F,OC,ECE,0.615733
51386,M,OC,ECE,0.183359188
172800,F,SC,ECE,0.582855617
28740,M,OC,ECE,0.348528643
70970,F,SC,ECE,0.72222877
93075,F,BC,ECE,0.159260965
77819,F,BC,ECE,0.949609207
44850,M,BC,ECE,0.888295835
21745,M,BC,ECE,0.739880813
34562,F,BC,ECE,0.123121918
67618,F,BC,ECE,0.11526868
17148,F,SC,ECE,0.663491624
66238,M,BC,ECE,0.642410438
40981,F,OC,ECE,0.585522875
30141,F,OC,ECE,0.282619887
42845,M,SC,ECE,0.018902801
48805,F,BC,ECE,0.732563804
24674,M,SC,ECE,0.762812844
115578,F,BC,ECE,0.976948382
75307,M,OC,ECE,0.620682612
172152,F,OC,ECE,0.674498161
58042,F,BC,ECE,0.665675825
45151,M,BC,ECE,0.517338762
51826,M,SC,ECE,0.313109444
30195,M,OC,ECE,0.219973981
46845,M,OC,ECE,0.916649074
79137,F,BC,ECE,0.796165304
32280,F,BC,ECE,0.555132004
44571,F,SC,ECE,0.869156341
51466,F,OC,ECE,0.309283837
69752,M,OC,ECE,0.562555346
62731,M,BC,ECE,0.196601111
24553,M,OC,ECE,0.003590689
28016,M,BC,ECE,0.341867181
53181,M,BC,ECE,0.628725285
72431,M,BC,ECE,0.241887419
117943,M,OC,ECE,0.726596323
57723,M,BC,ECE,0.769427731
133923,F,BC,ECE,0.390654139
30051,M,OC,ECE,0.963723852
27350,F,BC,ECE,0.370478971
158285,M,OC,ECE,0.734414508
32704,M,BC,ECE,0.341039156
35275,M,OC,ECE,0.545212652
17238,M,BC,ECE,0.149260174
46019,F,BC,ECE,0.049715079
30127,F,BC,ECE,0.111637167
171737,F,BC,ECE,0.029670927
45385,F,OC,ECE,0.370238343
28184,F,OC,ECE,0.88908225
44402,F,SC,ECE,0.927270964
34737,M,BC,ECE,0.08654171
42183,M,SC,ECE,0.158156236
55182,M,BC,ECE,0.242967179
30449,M,OC,ECE,0.940394548
108029,M,SC,ECE,0.550293346
32148,F,BC,ECE,0.146972734
66100,F,OC,ECE,0.550569978
72372,M,OC,ECE,0.602734706
50933,F,SC,ECE,0.494178141
43106,M,BC,ECE,0.233642565
43827,F,OC,ECE,0.004531148
78496,F,OC,ECE,0.97763531
27695,M,OC,ECE,0.487768198
38510,M,OC,ECE,0.726072874
29425,F,OC,ECE,0.679570582
20085,F,SC,ECE,0.271680436
87431,M,OC,ECE,0.085004896
47352,M,OC,ECE,0.701394057
28904,F,OC,ECE,0.23280919
60910,F,BC,ECE,0.219651491
85424,F,BC,ECE,0.304049545
30646,M,OC,ECE,0.588857847
32776,M,BC,ECE,0.834398823
59883,M,OC,ECE,0.467045684
102480,F,OC,ECE,0.357474694
65410,F,OC,ECE,0.874653549
35236,F,SC,ECE,0.611460441
104346,F,BC,ECE,0.931305537
22557,M,BC,ECE,0.721834249
19575,F,BC,ECE,0.880152052
158269,F,SC,ECE,0.618867502
52692,M,BC,ECE,0.230323367
147650,M,BC,ECE,0.38785446
12846,M,BC,ECE,0.509661941
117994,M,BC,EEE,0.596111328
85317,F,OC,EEE,0.643468114
58543,F,OC,EEE,0.36307743
44978,F,OC,EEE,0.109781932
80403,F,OC,EEE,0.979824834
154708,M,BC,EEE,0.822232582
56690,M,OC,EEE,0.078010139
78915,M,BC,EEE,0.720450751
90508,F,BC,EEE,0.341354031
85365,M,OC,EEE,0.906066038
122402,M,BC,EEE,0.092274471
114523,M,BC,EEE,0.959581277
86329,M,BC,EEE,0.944020046
51553,F,OC,EEE,0.122329684
77031,F,BC,EEE,0.569276617
78911,M,OC,EEE,0.280739648
76276,M,OC,EEE,0.579042206
109430,M,SC,EEE,0.28193301
66469,M,BC,EEE,0.375538965
62062,M,OC,EEE,0.031368599
97792,F,BC,EEE,0.890042159
44627,F,OC,EEE,0.002384589
61913,M,SC,EEE,0.175406451
123858,M,OC,EEE,0.499451182
52429,M,OC,EEE,0.423113138
56329,M,OC,EEE,0.455778943
71420,F,BC,EEE,0.877210665
91443,F,OC,EEE,0.905898899
92142,F,BC,EEE,0.295557578
116056,F,BC,EEE,0.069088786
74794,M,BC,EEE,0.053778576
58616,F,BC,EEE,0.766120355
78078,F,OC,EEE,0.203073616
172669,M,BC,EEE,0.729737108
65205,F,OC,EEE,0.309898061
71271,M,OC,EEE,0.519805671
71539,M,BC,EEE,0.880710182
59284,M,OC,EEE,0.499094151
107588,M,BC,EEE,0.134072086
169385,M,OC,EEE,0.280398647
86340,M,OC,EEE,0.392761411
80211,M,OC,EEE,0.081803119
71195,F,OC,EEE,0.488868756
113414,M,OC,EEE,0.7050213
96885,M,BC,EEE,0.637521882
76962,F,BC,EEE,0.72397791
75718,M,BC,EEE,0.419667514
73249,F,OC,EEE,0.209259585
76177,M,OC,EEE,0.109679265
106109,F,BC,EEE,0.934200092
81376,F,OC,EEE,0.208690723
144857,F,BC,EEE,0.488642506
77139,F,OC,EEE,0.625328649
53725,M,BC,EEE,0.640612954
64245,M,BC,EEE,0.639876252
81595,M,OC,EEE,0.88113516
97201,F,OC,EEE,0.117878077
170654,M,BC,EEE,0.179661128
89442,M,OC,EEE,0.079563824
66075,M,OC,EEE,0.318763846
151129,F,BC,EEE,0.863274413
94775,F,BC,EEE,0.088299121
63862,M,BC,EEE,0.766063883
88979,M,SC,EEE,0.465423206
119499,M,BC,EEE,0.173136586
64422,M,BC,EEE,0.218170493
85603,F,OC,EEE,0.435730497
93059,F,OC,EEE,0.334233893
104141,F,OC,EEE,0.858981458
137183,F,BC,EEE,0.028349075
83648,M,BC,EEE,0.004881717
80172,M,OC,EEE,0.615153712
80608,F,BC,EEE,0.512184276
80038,F,OC,EEE,0.862586021
104146,F,BC,EEE,0.960568306
92304,M,SC,EEE,0.314725755
123546,M,BC,EEE,0.355882389
84187,F,BC,EEE,0.312667125
160158,F,BC,EEE,0.166426646
172644,M,BC,EEE,0.094598245
116098,M,OC,EEE,0.27431134
93113,M,BC,EEE,0.927854554
79376,F,BC,EEE,0.219210734
67811,M,BC,EEE,0.985464918
66412,M,BC,EEE,0.764006034
69413,M,BC,EEE,0.830934123
68369,F,OC,EEE,0.510199747
87786,F,OC,EEE,0.820904045
84551,F,BC,EEE,0.5906308
110778,M,OC,EEE,0.89199738
61225,F,OC,EEE,0.310826736
49176,F,OC,EEE,0.575877522
58595,M,BC,EEE,0.204605836
86291,M,BC,EEE,0.8737571
49672,F,OC,EEE,0.361616445
27575,M,BC,IT,0.476380596
38356,M,BC,IT,0.375216852
37588,M,BC,IT,0.361501936
48101,M,BC,IT,0.620946811
27791,M,BC,IT,0.408943967
39672,M,BC,IT,0.789751126
29094,F,BC,IT,0.21397635
120902,M,SC,IT,0.773090559
22299,F,OC,IT,0.971499967
43903,F,BC,IT,0.654034221
40553,M,BC,IT,0.951251013
41421,M,BC,IT,0.927148971
44336,F,BC,IT,0.269521437
40349,M,BC,IT,0.700005186
24930,M,OC,IT,0.243869027
46322,M,BC,IT,0.776274842
24493,M,BC,IT,0.085946848
43394,F,BC,IT,0.325509347
151780,M,BC,IT,0.893947146
21226,M,OC,IT,0.00086379
33687,F,SC,IT,0.01811328
41426,F,BC,IT,0.440206335
33612,M,BC,IT,0.584780481
27172,M,OC,IT,0.080000616
20262,F,OC,IT,0.563205816
26030,M,BC,IT,0.399714241
22623,M,BC,IT,0.547136416
19838,F,OC,IT,0.382923992
15767,F,OC,IT,0.429864729
83566,F,SC,IT,0.531208845
38590,F,BC,IT,0.338772005
26468,F,OC,IT,0.781123515
87494,M,SC,IT,0.865861981
21122,F,BC,IT,0.177281394
43602,M,SC,IT,0.161437028
21438,F,OC,IT,0.314570002
43906,M,BC,IT,0.818838304
38589,F,BC,IT,0.339984028
124969,M,BC,IT,0.612132135
21390,M,OC,IT,0.544017994
33045,F,OC,IT,0.847541315
56820,F,BC,IT,0.333566269
14477,M,OC,IT,0.785443463
36853,M,BC,IT,0.539488715
65168,M,OC,MEC,0.2850714
134850,M,BC,MEC,0.892607621
138891,M,BC,MEC,0.066681706
136802,M,BC,MEC,0.130665322
58575,M,OC,MEC,0.342545133
138039,M,BC,MEC,0.032198263
168396,M,BC,MEC,0.323367703
119540,M,BC,MEC,0.145312852
94334,M,OC,MEC,0.01048819
91220,M,OC,MEC,0.173136689
170419,M,SC,MEC,0.214910226
128933,M,BC,MEC,0.498402297
69731,M,BC,MEC,0.802976325
125771,M,BC,MEC,0.996797634
121435,M,OC,MEC,0.233408191
112046,M,BC,MEC,0.051236405
129338,M,OC,MEC,0.978434188
98859,M,BC,MEC,0.622224811
122376,M,BC,MEC,0.918458838
148538,M,BC,MEC,0.949422397
110805,M,BC,MEC,0.570151908
116993,M,OC,MEC,0.360220925
171988,M,SC,MEC,0.885610709
142787,M,SC,MEC,0.287937827
147383,M,OC,MEC,0.057055526
98974,M,OC,MEC,0.151897612
115701,M,BC,MEC,0.783299719
143817,M,OC,MEC,0.027636804
148884,M,BC,MEC,0.522219567
126248,M,OC,MEC,0.050665057
137326,M,BC,MEC,0.400131787
161105,M,OC,MEC,0.57678248
166906,M,BC,MEC,0.861710046
137278,M,OC,MEC,0.319403044
117143,M,BC,MEC,0.743780879
93507,M,OC,MEC,0.132611377
151521,M,BC,MEC,0.587828426
120221,M,OC,MEC,0.583732623
59551,M,BC,MEC,0.65214355
52868,M,OC,MEC,0.928659027
77126,M,BC,MEC,0.942253781
113066,M,BC,MEC,0.441262815
117558,M,BC,MEC,0.782172061
129907,M,SC,MEC,0.054917533
110107,M,BC,MEC,0.778511406
168478,M,OC,MEC,0.610244022
133945,M,BC,MEC,0.427269305
119683,M,SC,MEC,0.810847327
126798,M,BC,MEC,0.968516273
92159,M,OC,MEC,0.616842924
112500,M,BC,MEC,0.147644742
132733,M,BC,MEC,0.03471655
102234,M,BC,MEC,0.005637898
77987,M,OC,MEC,0.307456828
137999,M,BC,MEC,0.483119454
81007,M,BC,MEC,0.570832698
152495,M,BC,MEC,0.401820651
131699,M,OC,MEC,0.887021207
145068,M,OC,MEC,0.394438512
125198,M,OC,MEC,0.984140636
153044,M,OC,MEC,0.897302481
155024,M,OC,MEC,0.558381139
95563,M,ST,MEC,0.283541696
122960,M,OC,MEC,0.41343069
68867,M,OC,MEC,0.892817567
129166,M,OC,MEC,0.084732856
92863,M,BC,MEC,0.389853125
105977,M,OC,MEC,0.647912347
142302,M,OC,MEC,0.521905396
108953,M,BC,MEC,0.905620033
131721,M,BC,MEC,0.542841786
132269,M,BC,MEC,0.732050609
135338,M,BC,MEC,0.920712023
75747,M,OC,MEC,0.155727646
136479,M,BC,MEC,0.981375633
107942,M,BC,MEC,0.013992991
142608,M,BC,MEC,0.694127234
157283,M,BC,MEC,0.727650579
123525,M,OC,MEC,0.341237939
82465,M,BC,MEC,0.111257419
142255,M,BC,MEC,0.730989906
150900,M,BC,MEC,0.620108333
111206,M,OC,MEC,0.518246983
134466,M,OC,MEC,0.462678168
107588,M,BC,MEC,0.536726164
143610,M,OC,MEC,0.205637769
62248,M,OC,MEC,0.244322559
143817,M,BC,MEC,0.808994836
60478,M,OC,MEC,0.686528424
83150,M,OC,MEC,0.786957597
159377,M,BC,MEC,0.636651459
138601,M,SC,MEC,0.426492234
